Название магазина,Цена на iphone
istore93,118990
Di-Store,119100
СМАРТ52.РУ,119939
SUPERSTAS,120700
Селлер Марк Плюс,120990
Da161,121990
Dicentre,122390
ZS APPLE,122990
TechnoGadget,122990
Электроника на Яндексе,122999
HIFI-ZONE.RU,124800
Electro Gadget,124900
iSTUFF 23,124990
Big Gadget Store,125490
Smart Devices,125803
KG Market,125900
SHARK SHARK,125900
1gadget,125900
mobilka18.ru,125970
SPLAV,125990
Class Line,125990
Электрофокс24,125990
BaltStore.ru,125995
World of appliances,126590
Xsstore,126726
UVF,126800
Novaopt,127057
iPolly,128220
мобильный 161,128500
Big-Apple,128520
Дисконт-Цифровой,128600
Hendy,128890
RubyStore,128961
AAA Seller,128990
МегаФон - Официальный магазин,128990
Linza.,129150
MONOTECH,130190
Юпорт техника,130490
ОНЛАЙНТРЕЙД.РУ,130890
New Technologies,130900
"Крымский магазин ""Сигнал""",130999
АЙБАРС,131300
El Classico,131320
ТЕХНОПАРК,132380
omnia ex vita,132890
Smartmi,133490
Dziva,133970
Холодильник.ру,133990
Sky Tech,134390
Техника без границ,134990
Applefruit,135000
BeTechno,135010
Central Market,136136
Lite Mobile,137340
AlexDevice,137500
GSM Butik,138890
Tehno Boom,139790
iDigital,139990
TopComputer.RU,142162
ПОЗИТРОНИКА,142340
RINGтон,144100
МОЙ БЫТ,150370
КБТ-shop,152690
Shopix,189287
